{
    "name": "iNaturalist_ResNet50_SADE",
    "n_gpu": 4,

    "arch": {
        "type": "ResNet50Model",
        "args": {
            "num_classes": 8142,
            "reduce_dimension": true,
            "use_norm": true,
            "returns_feat": true,
            "num_experts": 3
        }
    },
    "data_loader": {
        "type": "iNaturalistDataLoader",
        "args":{
            "data_dir": "./data/iNaturalist",
            "batch_size": 512,
            "shuffle": true,
            "num_workers": 16
        }
    },
    "optimizer": {
        "type": "SGD",
        "args":{
            "lr": 0.2,
            "weight_decay": 2e-4,
            "momentum": 0.9,
            "nesterov": true
        }
    },
    "add_extra_info": true,
    "loss": {
        "type": "DiverseExpertLoss",
        "args": {
             "tau": 1
        }
    },
    "metrics": [
        "accuracy"
    ],
    "lr_scheduler": {
        "type": "CustomLR",
        "args": {
            "step1": 60,
            "step2": 80,
            "gamma": 0.1,
            "warmup_epoch": 5
        }
    },
    "trainer": {
        "epochs": 100,

        "save_dir": "saved/inaturalist/sade_e100_inv1_bs512_lr0.2",
        "save_period": 100,
        "verbosity": 2,

        "monitor": "max val_accuracy",
        "tensorboard": false
    }
}
             
